40ants-doc, ghcr.io/ocicl/ocicl@sha256:00534b0447f96576bb3f82ba6f791a76e0680c05547b3f7bc158cf3f2f55eb4d, ocicl-20260915-7513a28/systems/doc-20260905-1ab3aa6/40ants-doc.asd
40ants-doc-full, ghcr.io/ocicl/ocicl@sha256:00534b0447f96576bb3f82ba6f791a76e0680c05547b3f7bc158cf3f2f55eb4d, ocicl-20260915-7513a28/systems/doc-20260905-1ab3aa6/40ants-doc-full.asd
40ants-doc-test, ghcr.io/ocicl/ocicl@sha256:00534b0447f96576bb3f82ba6f791a76e0680c05547b3f7bc158cf3f2f55eb4d, ocicl-20260915-7513a28/systems/doc-20260905-1ab3aa6/40ants-doc-test.asd
acclimation, ghcr.io/ocicl/ocicl@sha256:00534b0447f96576bb3f82ba6f791a76e0680c05547b3f7bc158cf3f2f55eb4d, ocicl-20260915-7513a28/systems/acclimation-20251218-9339b92/acclimation.asd
acclimation-temperature, ghcr.io/ocicl/ocicl@sha256:00534b0447f96576bb3f82ba6f791a76e0680c05547b3f7bc158cf3f2f55eb4d, ocicl-20260915-7513a28/systems/acclimation-20251218-9339b92/Temperature/acclimation-temperature.asd
alexandria, ghcr.io/ocicl/ocicl@sha256:00534b0447f96576bb3f82ba6f791a76e0680c05547b3f7bc158cf3f2f55eb4d, ocicl-20260915-7513a28/systems/alexandria-20260812-f283e25/alexandria.asd
archive, ghcr.io/ocicl/ocicl@sha256:00534b0447f96576bb3f82ba6f791a76e0680c05547b3f7bc158cf3f2f55eb4d, ocicl-20260915-7513a28/systems/archive-20240503-631271c/archive.asd
atomics, ghcr.io/ocicl/ocicl@sha256:00534b0447f96576bb3f82ba6f791a76e0680c05547b3f7bc158cf3f2f55eb4d, ocicl-20260915-7513a28/systems/atomics-20260830-1caed1a/atomics.asd
atomics-test, ghcr.io/ocicl/ocicl@sha256:00534b0447f96576bb3f82ba6f791a76e0680c05547b3f7bc158cf3f2f55eb4d, ocicl-20260915-7513a28/systems/atomics-20260830-1caed1a/atomics-test.asd
autoload, ghcr.io/ocicl/ocicl@sha256:00534b0447f96576bb3f82ba6f791a76e0680c05547b3f7bc158cf3f2f55eb4d, ocicl-20260915-7513a28/systems/mgl-pax-20260313-f7f9414/autoload/autoload.asd
babel, ghcr.io/ocicl/ocicl@sha256:00534b0447f96576bb3f82ba6f791a76e0680c05547b3f7bc158cf3f2f55eb4d, ocicl-20260915-7513a28/systems/babel-20250905-4eaf3f2/babel.asd
babel-streams, ghcr.io/ocicl/ocicl@sha256:00534b0447f96576bb3f82ba6f791a76e0680c05547b3f7bc158cf3f2f55eb4d, ocicl-20260915-7513a28/systems/babel-20250905-4eaf3f2/babel-streams.asd
babel-tests, ghcr.io/ocicl/ocicl@sha256:00534b0447f96576bb3f82ba6f791a76e0680c05547b3f7bc158cf3f2f55eb4d, ocicl-20260915-7513a28/systems/babel-20250905-4eaf3f2/babel-tests.asd
bobbin, ghcr.io/ocicl/bobbin@sha256:7368d88e9f1d8a94b9bddf5e1887e384ef738235570142dd1cfe98c90077cc13, bobbin-20240503-b454e82/bobbin.asd
bordeaux-threads, ghcr.io/ocicl/ocicl@sha256:00534b0447f96576bb3f82ba6f791a76e0680c05547b3f7bc158cf3f2f55eb4d, ocicl-20260915-7513a28/systems/bordeaux-threads-0.9.4/bordeaux-threads.asd
cffi, ghcr.io/ocicl/ocicl@sha256:00534b0447f96576bb3f82ba6f791a76e0680c05547b3f7bc158cf3f2f55eb4d, ocicl-20260915-7513a28/systems/cffi-20260821-787d3cd/cffi.asd
cffi-examples, ghcr.io/ocicl/ocicl@sha256:00534b0447f96576bb3f82ba6f791a76e0680c05547b3f7bc158cf3f2f55eb4d, ocicl-20260915-7513a28/systems/cffi-20260821-787d3cd/cffi-examples.asd
cffi-grovel, ghcr.io/ocicl/ocicl@sha256:00534b0447f96576bb3f82ba6f791a76e0680c05547b3f7bc158cf3f2f55eb4d, ocicl-20260915-7513a28/systems/cffi-20260821-787d3cd/cffi-grovel.asd
cffi-libffi, ghcr.io/ocicl/ocicl@sha256:00534b0447f96576bb3f82ba6f791a76e0680c05547b3f7bc158cf3f2f55eb4d, ocicl-20260915-7513a28/systems/cffi-20260821-787d3cd/cffi-libffi.asd
cffi-tests, ghcr.io/ocicl/ocicl@sha256:00534b0447f96576bb3f82ba6f791a76e0680c05547b3f7bc158cf3f2f55eb4d, ocicl-20260915-7513a28/systems/cffi-20260821-787d3cd/cffi-tests.asd
cffi-toolchain, ghcr.io/ocicl/ocicl@sha256:00534b0447f96576bb3f82ba6f791a76e0680c05547b3f7bc158cf3f2f55eb4d, ocicl-20260915-7513a28/systems/cffi-20260821-787d3cd/cffi-toolchain.asd
cffi-uffi-compat, ghcr.io/ocicl/ocicl@sha256:00534b0447f96576bb3f82ba6f791a76e0680c05547b3f7bc158cf3f2f55eb4d, ocicl-20260915-7513a28/systems/cffi-20260821-787d3cd/cffi-uffi-compat.asd
chipz, ghcr.io/ocicl/ocicl@sha256:00534b0447f96576bb3f82ba6f791a76e0680c05547b3f7bc158cf3f2f55eb4d, ocicl-20260915-7513a28/systems/chipz-20260821-4ce0bc5/chipz.asd
chunga, ghcr.io/ocicl/ocicl@sha256:00534b0447f96576bb3f82ba6f791a76e0680c05547b3f7bc158cf3f2f55eb4d, ocicl-20260915-7513a28/systems/chunga-20250814-1310e96/chunga.asd
cl-base64, ghcr.io/ocicl/ocicl@sha256:00534b0447f96576bb3f82ba6f791a76e0680c05547b3f7bc158cf3f2f55eb4d, ocicl-20260915-7513a28/systems/cl-base64-20240503-80496b7/cl-base64.asd
cl-base64-tests, ghcr.io/ocicl/ocicl@sha256:00534b0447f96576bb3f82ba6f791a76e0680c05547b3f7bc158cf3f2f55eb4d, ocicl-20260915-7513a28/systems/cl-base64-20240503-80496b7/cl-base64-tests.asd
cl-cancel, ghcr.io/ocicl/ocicl@sha256:00534b0447f96576bb3f82ba6f791a76e0680c05547b3f7bc158cf3f2f55eb4d, ocicl-20260915-7513a28/systems/cl-cancel-20260206-bec34fb/cl-cancel.asd
cl-fad, ghcr.io/ocicl/ocicl@sha256:00534b0447f96576bb3f82ba6f791a76e0680c05547b3f7bc158cf3f2f55eb4d, ocicl-20260915-7513a28/systems/cl-fad-0.7.6/cl-fad.asd
cl-interpol, ghcr.io/ocicl/ocicl@sha256:00534b0447f96576bb3f82ba6f791a76e0680c05547b3f7bc158cf3f2f55eb4d, ocicl-20260915-7513a28/systems/cl-interpol-2.0.7/cl-interpol.asd
cl-json, ghcr.io/ocicl/ocicl@sha256:00534b0447f96576bb3f82ba6f791a76e0680c05547b3f7bc158cf3f2f55eb4d, ocicl-20260915-7513a28/systems/cl-json-20240907-994dd38/cl-json.asd
cl-postgres_plus_local-time, ghcr.io/ocicl/ocicl@sha256:00534b0447f96576bb3f82ba6f791a76e0680c05547b3f7bc158cf3f2f55eb4d, ocicl-20260915-7513a28/systems/local-time-20260812-59d93f7/cl-postgres+local-time.asd
cl-ppcre, ghcr.io/ocicl/ocicl@sha256:00534b0447f96576bb3f82ba6f791a76e0680c05547b3f7bc158cf3f2f55eb4d, ocicl-20260915-7513a28/systems/cl-ppcre-20250606-a2ea581/cl-ppcre.asd
cl-ppcre-unicode, ghcr.io/ocicl/ocicl@sha256:00534b0447f96576bb3f82ba6f791a76e0680c05547b3f7bc158cf3f2f55eb4d, ocicl-20260915-7513a28/systems/cl-ppcre-20250606-a2ea581/cl-ppcre-unicode.asd
cl-reexport, ghcr.io/ocicl/cl-reexport@sha256:c795feb3e3727a19e61797187eb31bac1e855b1332335d26752200a28e9b9da8, cl-reexport-20240503-03ad7a0/cl-reexport.asd
cl-reexport-test, ghcr.io/ocicl/cl-reexport@sha256:c795feb3e3727a19e61797187eb31bac1e855b1332335d26752200a28e9b9da8, cl-reexport-20240503-03ad7a0/cl-reexport-test.asd
cl-scheme-like-syntax, git+https://github.com/Yukko31415/cl-scheme-like-syntax.git@3d7ba5e1fd19f3c3707ce7556f96dd3e02b903e7, cl-scheme-like-syntax-3d7ba5e/cl-scheme-like-syntax.asd
cl-selfupdate, ghcr.io/ocicl/ocicl@sha256:00534b0447f96576bb3f82ba6f791a76e0680c05547b3f7bc158cf3f2f55eb4d, ocicl-20260915-7513a28/systems/cl-selfupdate-20260412-ee7dcdc/cl-selfupdate.asd
cl-semver, ghcr.io/ocicl/ocicl@sha256:00534b0447f96576bb3f82ba6f791a76e0680c05547b3f7bc158cf3f2f55eb4d, ocicl-20260915-7513a28/systems/cl-semver-20240503-b125d2c/cl-semver.asd
cl-semver-test, ghcr.io/ocicl/ocicl@sha256:00534b0447f96576bb3f82ba6f791a76e0680c05547b3f7bc158cf3f2f55eb4d, ocicl-20260915-7513a28/systems/cl-semver-20240503-b125d2c/cl-semver-test.asd
cl-template, ghcr.io/ocicl/ocicl@sha256:00534b0447f96576bb3f82ba6f791a76e0680c05547b3f7bc158cf3f2f55eb4d, ocicl-20260915-7513a28/systems/cl-template-20240503-46193a9/cl-template.asd
cl-unicode, ghcr.io/ocicl/ocicl@sha256:00534b0447f96576bb3f82ba6f791a76e0680c05547b3f7bc158cf3f2f55eb4d, ocicl-20260915-7513a28/systems/cl-unicode-20240503-07e7ff5/cl-unicode.asd
cl-utilities, ghcr.io/ocicl/ocicl@sha256:00534b0447f96576bb3f82ba6f791a76e0680c05547b3f7bc158cf3f2f55eb4d, ocicl-20260915-7513a28/systems/cl-utilities-20240503-6b4de39/cl-utilities.asd
clingon, ghcr.io/ocicl/clingon@sha256:27d1426613e66fd28223c737bd7886dfdd4f20df742212bd0903c2fc6791871f, clingon-20260807-e7e936b/clingon.asd
clingon.demo, ghcr.io/ocicl/clingon@sha256:27d1426613e66fd28223c737bd7886dfdd4f20df742212bd0903c2fc6791871f, clingon-20260807-e7e936b/clingon.demo.asd
clingon.intro, ghcr.io/ocicl/clingon@sha256:27d1426613e66fd28223c737bd7886dfdd4f20df742212bd0903c2fc6791871f, clingon-20260807-e7e936b/clingon.intro.asd
clingon.test, ghcr.io/ocicl/clingon@sha256:27d1426613e66fd28223c737bd7886dfdd4f20df742212bd0903c2fc6791871f, clingon-20260807-e7e936b/clingon.test.asd
closer-mop, ghcr.io/ocicl/ocicl@sha256:00534b0447f96576bb3f82ba6f791a76e0680c05547b3f7bc158cf3f2f55eb4d, ocicl-20260915-7513a28/systems/closer-mop-20260329-04db182/closer-mop.asd
copy-directory, ghcr.io/ocicl/ocicl@sha256:00534b0447f96576bb3f82ba6f791a76e0680c05547b3f7bc158cf3f2f55eb4d, ocicl-20260915-7513a28/systems/copy-directory-20250106-6926cbb/copy-directory.asd
copy-directory-test, ghcr.io/ocicl/ocicl@sha256:00534b0447f96576bb3f82ba6f791a76e0680c05547b3f7bc158cf3f2f55eb4d, ocicl-20260915-7513a28/systems/copy-directory-20250106-6926cbb/copy-directory-test.asd
diff, ghcr.io/ocicl/ocicl@sha256:00534b0447f96576bb3f82ba6f791a76e0680c05547b3f7bc158cf3f2f55eb4d, ocicl-20260915-7513a28/systems/diff-20240503-9c84bef/diff.asd
documentation-utils, ghcr.io/ocicl/ocicl@sha256:00534b0447f96576bb3f82ba6f791a76e0680c05547b3f7bc158cf3f2f55eb4d, ocicl-20260915-7513a28/systems/documentation-utils-20230511-98630dd/documentation-utils.asd
drakma, ghcr.io/ocicl/ocicl@sha256:00534b0447f96576bb3f82ba6f791a76e0680c05547b3f7bc158cf3f2f55eb4d, ocicl-20260915-7513a28/systems/drakma-2.0.10/drakma.asd
drakma-test, ghcr.io/ocicl/ocicl@sha256:00534b0447f96576bb3f82ba6f791a76e0680c05547b3f7bc158cf3f2f55eb4d, ocicl-20260915-7513a28/systems/drakma-2.0.10/drakma-test.asd
dref, ghcr.io/ocicl/ocicl@sha256:00534b0447f96576bb3f82ba6f791a76e0680c05547b3f7bc158cf3f2f55eb4d, ocicl-20260915-7513a28/systems/mgl-pax-20260313-f7f9414/dref/dref.asd
dref-test, ghcr.io/ocicl/ocicl@sha256:00534b0447f96576bb3f82ba6f791a76e0680c05547b3f7bc158cf3f2f55eb4d, ocicl-20260915-7513a28/systems/mgl-pax-20260313-f7f9414/dref/dref-test.asd
dref-test-package-inferred, ghcr.io/ocicl/ocicl@sha256:00534b0447f96576bb3f82ba6f791a76e0680c05547b3f7bc158cf3f2f55eb4d, ocicl-20260915-7513a28/systems/mgl-pax-20260313-f7f9414/dref/test/data/dref-test-package-inferred.asd
ecclesia, ghcr.io/ocicl/ocicl@sha256:00534b0447f96576bb3f82ba6f791a76e0680c05547b3f7bc158cf3f2f55eb4d, ocicl-20260915-7513a28/systems/Ecclesia-20260814-74027d0/ecclesia.asd
esrap, ghcr.io/ocicl/ocicl@sha256:00534b0447f96576bb3f82ba6f791a76e0680c05547b3f7bc158cf3f2f55eb4d, ocicl-20260915-7513a28/systems/esrap-20251010-54debc5/esrap.asd
flexi-streams, ghcr.io/ocicl/ocicl@sha256:00534b0447f96576bb3f82ba6f791a76e0680c05547b3f7bc158cf3f2f55eb4d, ocicl-20260915-7513a28/systems/flexi-streams-20240503-4951d57/flexi-streams.asd
flexi-streams-test, ghcr.io/ocicl/ocicl@sha256:00534b0447f96576bb3f82ba6f791a76e0680c05547b3f7bc158cf3f2f55eb4d, ocicl-20260915-7513a28/systems/flexi-streams-20240503-4951d57/flexi-streams-test.asd
global-vars, ghcr.io/ocicl/ocicl@sha256:00534b0447f96576bb3f82ba6f791a76e0680c05547b3f7bc158cf3f2f55eb4d, ocicl-20260915-7513a28/systems/global-vars-20240503-c749f32/global-vars.asd
global-vars-test, ghcr.io/ocicl/ocicl@sha256:00534b0447f96576bb3f82ba6f791a76e0680c05547b3f7bc158cf3f2f55eb4d, ocicl-20260915-7513a28/systems/global-vars-20240503-c749f32/global-vars-test.asd
idna, ghcr.io/ocicl/ocicl@sha256:00534b0447f96576bb3f82ba6f791a76e0680c05547b3f7bc158cf3f2f55eb4d, ocicl-20260915-7513a28/systems/idna-20260908-a9ca49f/idna.asd
introspect-environment, ghcr.io/ocicl/ocicl@sha256:00534b0447f96576bb3f82ba6f791a76e0680c05547b3f7bc158cf3f2f55eb4d, ocicl-20260915-7513a28/systems/introspect-environment-20240503-69a50ac/introspect-environment.asd
introspect-environment-test, ghcr.io/ocicl/ocicl@sha256:00534b0447f96576bb3f82ba6f791a76e0680c05547b3f7bc158cf3f2f55eb4d, ocicl-20260915-7513a28/systems/introspect-environment-20240503-69a50ac/introspect-environment-test.asd
iolib, ghcr.io/ocicl/ocicl@sha256:00534b0447f96576bb3f82ba6f791a76e0680c05547b3f7bc158cf3f2f55eb4d, ocicl-20260915-7513a28/systems/iolib-20260812-c939f25/iolib.asd
iolib.asdf, ghcr.io/ocicl/ocicl@sha256:00534b0447f96576bb3f82ba6f791a76e0680c05547b3f7bc158cf3f2f55eb4d, ocicl-20260915-7513a28/systems/iolib-20260812-c939f25/iolib.asdf.asd
iolib.base, ghcr.io/ocicl/ocicl@sha256:00534b0447f96576bb3f82ba6f791a76e0680c05547b3f7bc158cf3f2f55eb4d, ocicl-20260915-7513a28/systems/iolib-20260812-c939f25/iolib.base.asd
iolib.common-lisp, ghcr.io/ocicl/ocicl@sha256:00534b0447f96576bb3f82ba6f791a76e0680c05547b3f7bc158cf3f2f55eb4d, ocicl-20260915-7513a28/systems/iolib-20260812-c939f25/iolib.common-lisp.asd
iolib.conf, ghcr.io/ocicl/ocicl@sha256:00534b0447f96576bb3f82ba6f791a76e0680c05547b3f7bc158cf3f2f55eb4d, ocicl-20260915-7513a28/systems/iolib-20260812-c939f25/iolib.conf.asd
iolib.examples, ghcr.io/ocicl/ocicl@sha256:00534b0447f96576bb3f82ba6f791a76e0680c05547b3f7bc158cf3f2f55eb4d, ocicl-20260915-7513a28/systems/iolib-20260812-c939f25/iolib.examples.asd
ironclad, ghcr.io/ocicl/ocicl@sha256:00534b0447f96576bb3f82ba6f791a76e0680c05547b3f7bc158cf3f2f55eb4d, ocicl-20260915-7513a28/systems/ironclad-20240503-6da010f/ironclad.asd
ironclad-text, ghcr.io/ocicl/ocicl@sha256:00534b0447f96576bb3f82ba6f791a76e0680c05547b3f7bc158cf3f2f55eb4d, ocicl-20260915-7513a28/systems/ironclad-20240503-6da010f/ironclad-text.asd
iterate, ghcr.io/ocicl/ocicl@sha256:00534b0447f96576bb3f82ba6f791a76e0680c05547b3f7bc158cf3f2f55eb4d, ocicl-20260915-7513a28/systems/iterate-20250703-d27d7ff/iterate.asd
jsown, ghcr.io/ocicl/ocicl@sha256:00534b0447f96576bb3f82ba6f791a76e0680c05547b3f7bc158cf3f2f55eb4d, ocicl-20260915-7513a28/systems/jsown-20260812-4092b4f/jsown.asd
jsown-tests, ghcr.io/ocicl/ocicl@sha256:00534b0447f96576bb3f82ba6f791a76e0680c05547b3f7bc158cf3f2f55eb4d, ocicl-20260915-7513a28/systems/jsown-20260812-4092b4f/tests/jsown-tests.asd
lisp-namespace, ghcr.io/ocicl/ocicl@sha256:00534b0447f96576bb3f82ba6f791a76e0680c05547b3f7bc158cf3f2f55eb4d, ocicl-20260915-7513a28/systems/lisp-namespace-20240503-699fccb/lisp-namespace.asd
lisp-namespace.test, ghcr.io/ocicl/ocicl@sha256:00534b0447f96576bb3f82ba6f791a76e0680c05547b3f7bc158cf3f2f55eb4d, ocicl-20260915-7513a28/systems/lisp-namespace-20240503-699fccb/lisp-namespace.test.asd
local-time, ghcr.io/ocicl/ocicl@sha256:00534b0447f96576bb3f82ba6f791a76e0680c05547b3f7bc158cf3f2f55eb4d, ocicl-20260915-7513a28/systems/local-time-20260812-59d93f7/local-time.asd
mgl-pax, ghcr.io/ocicl/ocicl@sha256:00534b0447f96576bb3f82ba6f791a76e0680c05547b3f7bc158cf3f2f55eb4d, ocicl-20260915-7513a28/systems/mgl-pax-20260313-f7f9414/mgl-pax.asd
mgl-pax-bootstrap, ghcr.io/ocicl/ocicl@sha256:00534b0447f96576bb3f82ba6f791a76e0680c05547b3f7bc158cf3f2f55eb4d, ocicl-20260915-7513a28/systems/mgl-pax-20260313-f7f9414/mgl-pax-bootstrap.asd
mgl-pax-test, ghcr.io/ocicl/ocicl@sha256:00534b0447f96576bb3f82ba6f791a76e0680c05547b3f7bc158cf3f2f55eb4d, ocicl-20260915-7513a28/systems/mgl-pax-20260313-f7f9414/mgl-pax-test.asd
mgl-pax.asdf, ghcr.io/ocicl/ocicl@sha256:00534b0447f96576bb3f82ba6f791a76e0680c05547b3f7bc158cf3f2f55eb4d, ocicl-20260915-7513a28/systems/mgl-pax-20260313-f7f9414/mgl-pax.asdf.asd
multilang-documentation-utils, ghcr.io/ocicl/ocicl@sha256:00534b0447f96576bb3f82ba6f791a76e0680c05547b3f7bc158cf3f2f55eb4d, ocicl-20260915-7513a28/systems/documentation-utils-20230511-98630dd/multilang-documentation-utils.asd
named-readtables, ghcr.io/ocicl/ocicl@sha256:00534b0447f96576bb3f82ba6f791a76e0680c05547b3f7bc158cf3f2f55eb4d, ocicl-20260915-7513a28/systems/named-readtables-20260701-9b774b5/named-readtables.asd
named-readtables-test, ghcr.io/ocicl/ocicl@sha256:00534b0447f96576bb3f82ba6f791a76e0680c05547b3f7bc158cf3f2f55eb4d, ocicl-20260915-7513a28/systems/named-readtables-20260701-9b774b5/named-readtables-test.asd
ocicl, ghcr.io/ocicl/ocicl@sha256:00534b0447f96576bb3f82ba6f791a76e0680c05547b3f7bc158cf3f2f55eb4d, ocicl-20260915-7513a28/ocicl.asd
ocicl.lint, ghcr.io/ocicl/ocicl@sha256:00534b0447f96576bb3f82ba6f791a76e0680c05547b3f7bc158cf3f2f55eb4d, ocicl-20260915-7513a28/lint/ocicl.lint.asd
parse-declarations-1.0, ghcr.io/ocicl/ocicl@sha256:00534b0447f96576bb3f82ba6f791a76e0680c05547b3f7bc158cf3f2f55eb4d, ocicl-20260915-7513a28/systems/parse-declarations-20240503-549aebb/parse-declarations-1.0.asd
parse-number, ghcr.io/ocicl/ocicl@sha256:00534b0447f96576bb3f82ba6f791a76e0680c05547b3f7bc158cf3f2f55eb4d, ocicl-20260915-7513a28/systems/parse-number-20240503-cb9e487/parse-number.asd
path-parse, ghcr.io/ocicl/ocicl@sha256:00534b0447f96576bb3f82ba6f791a76e0680c05547b3f7bc158cf3f2f55eb4d, ocicl-20260915-7513a28/systems/path-parse-20240503-86183f3/path-parse.asd
path-parse-test, ghcr.io/ocicl/ocicl@sha256:00534b0447f96576bb3f82ba6f791a76e0680c05547b3f7bc158cf3f2f55eb4d, ocicl-20260915-7513a28/systems/path-parse-20240503-86183f3/path-parse-test.asd
precise-time, ghcr.io/ocicl/ocicl@sha256:00534b0447f96576bb3f82ba6f791a76e0680c05547b3f7bc158cf3f2f55eb4d, ocicl-20260915-7513a28/systems/precise-time-20260218-93ea6ae/precise-time.asd
pure-tls, ghcr.io/ocicl/ocicl@sha256:00534b0447f96576bb3f82ba6f791a76e0680c05547b3f7bc158cf3f2f55eb4d, ocicl-20260915-7513a28/systems/pure-tls-20260910-dad1028/pure-tls.asd
puri, ghcr.io/ocicl/ocicl@sha256:00534b0447f96576bb3f82ba6f791a76e0680c05547b3f7bc158cf3f2f55eb4d, ocicl-20260915-7513a28/systems/puri-20260406-4bbab89/puri.asd
pythonic-string-reader, ghcr.io/ocicl/ocicl@sha256:00534b0447f96576bb3f82ba6f791a76e0680c05547b3f7bc158cf3f2f55eb4d, ocicl-20260915-7513a28/systems/pythonic-string-reader-20240503-47a70ba/pythonic-string-reader.asd
quri, ghcr.io/ocicl/ocicl@sha256:00534b0447f96576bb3f82ba6f791a76e0680c05547b3f7bc158cf3f2f55eb4d, ocicl-20260915-7513a28/systems/quri-0.7.0/quri.asd
quri-test, ghcr.io/ocicl/ocicl@sha256:00534b0447f96576bb3f82ba6f791a76e0680c05547b3f7bc158cf3f2f55eb4d, ocicl-20260915-7513a28/systems/quri-0.7.0/quri-test.asd
rewrite-cl, ghcr.io/ocicl/ocicl@sha256:00534b0447f96576bb3f82ba6f791a76e0680c05547b3f7bc158cf3f2f55eb4d, ocicl-20260915-7513a28/systems/rewrite-cl-20251231-5832ac0/rewrite-cl.asd
salza2, ghcr.io/ocicl/ocicl@sha256:00534b0447f96576bb3f82ba6f791a76e0680c05547b3f7bc158cf3f2f55eb4d, ocicl-20260915-7513a28/systems/salza2-2.1/salza2.asd
serapeum, ghcr.io/ocicl/ocicl@sha256:00534b0447f96576bb3f82ba6f791a76e0680c05547b3f7bc158cf3f2f55eb4d, ocicl-20260915-7513a28/systems/serapeum-20260716-ff930b6/serapeum.asd
slynk, ghcr.io/ocicl/slynk@sha256:7bd34c2521a5db51b7c18f1e5a7c4c028f9c8d8efe4ad851ab3b65c7b753107a, sly-20260812-3ffa216/slynk/slynk.asd
split-sequence, ghcr.io/ocicl/ocicl@sha256:00534b0447f96576bb3f82ba6f791a76e0680c05547b3f7bc158cf3f2f55eb4d, ocicl-20260915-7513a28/systems/split-sequence-2.0.1/split-sequence.asd
string-case, ghcr.io/ocicl/ocicl@sha256:00534b0447f96576bb3f82ba6f791a76e0680c05547b3f7bc158cf3f2f55eb4d, ocicl-20260915-7513a28/systems/string-case-20240503-718c761/string-case.asd
tar, ghcr.io/ocicl/ocicl@sha256:00534b0447f96576bb3f82ba6f791a76e0680c05547b3f7bc158cf3f2f55eb4d, ocicl-20260915-7513a28/systems/cl-tar-20240503-7c6e07a/tar.asd
tar-cli, ghcr.io/ocicl/ocicl@sha256:00534b0447f96576bb3f82ba6f791a76e0680c05547b3f7bc158cf3f2f55eb4d, ocicl-20260915-7513a28/systems/cl-tar-20240503-7c6e07a/tar-cli.asd
tar-cli-asdf, ghcr.io/ocicl/ocicl@sha256:00534b0447f96576bb3f82ba6f791a76e0680c05547b3f7bc158cf3f2f55eb4d, ocicl-20260915-7513a28/systems/cl-tar-20240503-7c6e07a/tar-cli-asdf.asd
tar-file, ghcr.io/ocicl/ocicl@sha256:00534b0447f96576bb3f82ba6f791a76e0680c05547b3f7bc158cf3f2f55eb4d, ocicl-20260915-7513a28/systems/cl-tar-file-20240503-0c10bc8/tar-file.asd
trivia, ghcr.io/ocicl/ocicl@sha256:00534b0447f96576bb3f82ba6f791a76e0680c05547b3f7bc158cf3f2f55eb4d, ocicl-20260915-7513a28/systems/trivia-20240904-4383dd8/trivia.asd
trivia.balland2006, ghcr.io/ocicl/ocicl@sha256:00534b0447f96576bb3f82ba6f791a76e0680c05547b3f7bc158cf3f2f55eb4d, ocicl-20260915-7513a28/systems/trivia-20240904-4383dd8/trivia.balland2006.asd
trivia.benchmark, ghcr.io/ocicl/ocicl@sha256:00534b0447f96576bb3f82ba6f791a76e0680c05547b3f7bc158cf3f2f55eb4d, ocicl-20260915-7513a28/systems/trivia-20240904-4383dd8/trivia.benchmark.asd
trivia.cffi, ghcr.io/ocicl/ocicl@sha256:00534b0447f96576bb3f82ba6f791a76e0680c05547b3f7bc158cf3f2f55eb4d, ocicl-20260915-7513a28/systems/trivia-20240904-4383dd8/trivia.cffi.asd
trivia.fset, ghcr.io/ocicl/ocicl@sha256:00534b0447f96576bb3f82ba6f791a76e0680c05547b3f7bc158cf3f2f55eb4d, ocicl-20260915-7513a28/systems/trivia-20240904-4383dd8/trivia.fset.asd
trivia.level0, ghcr.io/ocicl/ocicl@sha256:00534b0447f96576bb3f82ba6f791a76e0680c05547b3f7bc158cf3f2f55eb4d, ocicl-20260915-7513a28/systems/trivia-20240904-4383dd8/trivia.level0.asd
trivia.level1, ghcr.io/ocicl/ocicl@sha256:00534b0447f96576bb3f82ba6f791a76e0680c05547b3f7bc158cf3f2f55eb4d, ocicl-20260915-7513a28/systems/trivia-20240904-4383dd8/trivia.level1.asd
trivia.level2, ghcr.io/ocicl/ocicl@sha256:00534b0447f96576bb3f82ba6f791a76e0680c05547b3f7bc158cf3f2f55eb4d, ocicl-20260915-7513a28/systems/trivia-20240904-4383dd8/trivia.level2.asd
trivia.ppcre, ghcr.io/ocicl/ocicl@sha256:00534b0447f96576bb3f82ba6f791a76e0680c05547b3f7bc158cf3f2f55eb4d, ocicl-20260915-7513a28/systems/trivia-20240904-4383dd8/trivia.ppcre.asd
trivia.quasiquote, ghcr.io/ocicl/ocicl@sha256:00534b0447f96576bb3f82ba6f791a76e0680c05547b3f7bc158cf3f2f55eb4d, ocicl-20260915-7513a28/systems/trivia-20240904-4383dd8/trivia.quasiquote.asd
trivia.test, ghcr.io/ocicl/ocicl@sha256:00534b0447f96576bb3f82ba6f791a76e0680c05547b3f7bc158cf3f2f55eb4d, ocicl-20260915-7513a28/systems/trivia-20240904-4383dd8/trivia.test.asd
trivia.trivial, ghcr.io/ocicl/ocicl@sha256:00534b0447f96576bb3f82ba6f791a76e0680c05547b3f7bc158cf3f2f55eb4d, ocicl-20260915-7513a28/systems/trivia-20240904-4383dd8/trivia.trivial.asd
trivial-cltl2, ghcr.io/ocicl/ocicl@sha256:00534b0447f96576bb3f82ba6f791a76e0680c05547b3f7bc158cf3f2f55eb4d, ocicl-20260915-7513a28/systems/trivial-cltl2-20230809-2ada872/trivial-cltl2.asd
trivial-features, ghcr.io/ocicl/ocicl@sha256:00534b0447f96576bb3f82ba6f791a76e0680c05547b3f7bc158cf3f2f55eb4d, ocicl-20260915-7513a28/systems/trivial-features-20260908-828246a/trivial-features.asd
trivial-features-tests, ghcr.io/ocicl/ocicl@sha256:00534b0447f96576bb3f82ba6f791a76e0680c05547b3f7bc158cf3f2f55eb4d, ocicl-20260915-7513a28/systems/trivial-features-20260908-828246a/trivial-features-tests.asd
trivial-file-size, ghcr.io/ocicl/ocicl@sha256:00534b0447f96576bb3f82ba6f791a76e0680c05547b3f7bc158cf3f2f55eb4d, ocicl-20260915-7513a28/systems/trivial-file-size-20250427-60fd1bf/trivial-file-size.asd
trivial-garbage, ghcr.io/ocicl/ocicl@sha256:00534b0447f96576bb3f82ba6f791a76e0680c05547b3f7bc158cf3f2f55eb4d, ocicl-20260915-7513a28/systems/trivial-garbage-20260829-f0663f7/trivial-garbage.asd
trivial-gray-streams, ghcr.io/ocicl/ocicl@sha256:00534b0447f96576bb3f82ba6f791a76e0680c05547b3f7bc158cf3f2f55eb4d, ocicl-20260915-7513a28/systems/trivial-gray-streams-20260818-257d73e/trivial-gray-streams.asd
trivial-gray-streams-test, ghcr.io/ocicl/ocicl@sha256:00534b0447f96576bb3f82ba6f791a76e0680c05547b3f7bc158cf3f2f55eb4d, ocicl-20260915-7513a28/systems/trivial-gray-streams-20260818-257d73e/trivial-gray-streams-test.asd
trivial-indent, ghcr.io/ocicl/ocicl@sha256:00534b0447f96576bb3f82ba6f791a76e0680c05547b3f7bc158cf3f2f55eb4d, ocicl-20260915-7513a28/systems/trivial-indent-20260908-4d62fcb/trivial-indent.asd
trivial-macroexpand-all, ghcr.io/ocicl/ocicl@sha256:00534b0447f96576bb3f82ba6f791a76e0680c05547b3f7bc158cf3f2f55eb4d, ocicl-20260915-7513a28/systems/trivial-macroexpand-all-20250518-b6e4efa/trivial-macroexpand-all.asd
trivial-with-current-source-form, ghcr.io/ocicl/ocicl@sha256:00534b0447f96576bb3f82ba6f791a76e0680c05547b3f7bc158cf3f2f55eb4d, ocicl-20260915-7513a28/systems/trivial-with-current-source-form-20240503-dc3fff9/trivial-with-current-source-form.asd
type-i, ghcr.io/ocicl/ocicl@sha256:00534b0447f96576bb3f82ba6f791a76e0680c05547b3f7bc158cf3f2f55eb4d, ocicl-20260915-7513a28/systems/type-i-20240503-4407a68/type-i.asd
type-i.test, ghcr.io/ocicl/ocicl@sha256:00534b0447f96576bb3f82ba6f791a76e0680c05547b3f7bc158cf3f2f55eb4d, ocicl-20260915-7513a28/systems/type-i-20240503-4407a68/type-i.test.asd
uffi, ghcr.io/ocicl/ocicl@sha256:00534b0447f96576bb3f82ba6f791a76e0680c05547b3f7bc158cf3f2f55eb4d, ocicl-20260915-7513a28/systems/cffi-20260821-787d3cd/uffi-compat/uffi.asd
unix-opts, ghcr.io/ocicl/ocicl@sha256:00534b0447f96576bb3f82ba6f791a76e0680c05547b3f7bc158cf3f2f55eb4d, ocicl-20260915-7513a28/systems/unix-opts-20250319-0e61f34/unix-opts.asd
usocket, ghcr.io/ocicl/ocicl@sha256:00534b0447f96576bb3f82ba6f791a76e0680c05547b3f7bc158cf3f2f55eb4d, ocicl-20260915-7513a28/systems/usocket-0.8.8/usocket.asd
usocket-server, ghcr.io/ocicl/ocicl@sha256:00534b0447f96576bb3f82ba6f791a76e0680c05547b3f7bc158cf3f2f55eb4d, ocicl-20260915-7513a28/systems/usocket-0.8.8/usocket-server.asd
usocket-test, ghcr.io/ocicl/ocicl@sha256:00534b0447f96576bb3f82ba6f791a76e0680c05547b3f7bc158cf3f2f55eb4d, ocicl-20260915-7513a28/systems/usocket-0.8.8/usocket-test.asd
version-string, ghcr.io/ocicl/ocicl@sha256:00534b0447f96576bb3f82ba6f791a76e0680c05547b3f7bc158cf3f2f55eb4d, ocicl-20260915-7513a28/systems/cl-version-string-20251228-668f2fa/version-string.asd
which, ghcr.io/ocicl/ocicl@sha256:00534b0447f96576bb3f82ba6f791a76e0680c05547b3f7bc158cf3f2f55eb4d, ocicl-20260915-7513a28/systems/which-20240503-b2333e4/which.asd
which-test, ghcr.io/ocicl/ocicl@sha256:00534b0447f96576bb3f82ba6f791a76e0680c05547b3f7bc158cf3f2f55eb4d, ocicl-20260915-7513a28/systems/which-20240503-b2333e4/which-test.asd
with-user-abort, ghcr.io/ocicl/ocicl@sha256:00534b0447f96576bb3f82ba6f791a76e0680c05547b3f7bc158cf3f2f55eb4d, ocicl-20260915-7513a28/systems/with-user-abort-20240503-a3db02e/with-user-abort.asd
zip, ghcr.io/ocicl/ocicl@sha256:00534b0447f96576bb3f82ba6f791a76e0680c05547b3f7bc158cf3f2f55eb4d, ocicl-20260915-7513a28/systems/zip-20240503-688b154/zip.asd
{{app-name}}, ghcr.io/ocicl/ocicl@sha256:00534b0447f96576bb3f82ba6f791a76e0680c05547b3f7bc158cf3f2f55eb4d, ocicl-20260915-7513a28/templates/web1/{{app-name}}.asd
